Accounting Assistant,Administrative
Accounting Associate,Administrative
Accounting Manager,Administrative
Administrative Assistant,Administrative
Assistant Manager,Administrative
Associate Developer,Administrative
Chief Executive Officer,Administrative
Chief Financial Officer,Administrative
Chief Operating Officer,Administrative
Chief Technology Officer,Administrative
General Manager,Administrative
HR & Payroll Manager,Administrative
Intern,Administrative
Night Auditor,Administrative
Office Manager,Administrative
Procurement Specialist,Administrative
Special Projects Associate,Administrative
Director of Procurements,Administrative
Call Center Associate,Call Center
Call Center Manager,Call Center
Courtesy Patrol Driver,Courtesy Patrol
Courtesy Patrol Manager,Courtesy Patrol
Courtesy Patrol Officer,Courtesy Patrol
Courtesy Patrol Supervisor,Courtesy Patrol
Designer,Development
Creative Director,Development
Development Coordinator,Development
Director of Fragrence,Development
Director of Sales,Development
Principal,Development
Studio Manager,Development
Visual Arts Director,Development
Fitness Center Attendant,Fitness Center
Fitness Center Manager,Fitness Center
Food and Beverage Manager,Fitness Center
Executive Chef,Food & Beverage
Food & Bev Associate,Food & Beverage
Bar Manager,Food & Beverage
Bartender,Food & Beverage
Host,Food & Beverage
Waitstaff,Food & Beverage
Guest Services Associate,Guest Services
Concierge Manager,Guest Services
Concierge,Guest Services
Guest Services Manager,Guest Services
Housekeeping Manager,Housekeeping
Housekeeping Supervisor,Housekeeping
Common Area Housekeeper,Housekeeping
Laundry Associate,Housekeeping
Laundry Attendant,Housekeeping
Serviced Apt Housekeeper,Housekeeping
Svc Apt Housekeeping Associate,Housekeeping
Traditional Apt Housekeeper,Housekeeping
Grounds Associate,Landscaping
Grounds Supervisor,Landscaping
Maintenance Associate,Maintenance
Maintenance Manager,Maintenance
Maintenance Supervisor,Maintenance
Makeready Associate,Maintenance
Cap Improvement Associate,Maintenance
Cap Improvement Supervisor,Maintenance
Customer Service Associate,Sales
Customer Service Manager,Sales
Product Sales Associate,Sales
Product Sales Manager,Sales
National Accounts Manager,Sales
Leasing Associate,Trad Apt Sales
Leasing Manager,Trad Apt Sales
Packer,Warehouse
Repair Room Staff,Warehouse
Seasonal Associate,Warehouse
Checker,Warehouse
Warehouse Associate,Warehouse
Warehouse Manager,Warehouse
Warehouse Supervisor,Warehouse
Retail Clerk,
Store Manager,
Asst Store Manager,
Traditional Apt Housekeeping Assoc,Housekeeping
Makeready Technician,
Serviced Apt Sales Associate,
Unknown,